9891.0,0.792143
11189.0,0.792174
11678.0,0.792191
10227.0,0.792209
9030.0,0.792226
12021.0,0.792242
10721.0,0.792258
10846.0,0.792274
11396.0,0.792290
10131.0,0.792305
9891.0,1.894632
9030.0,1.894657
11396.0,1.894668
11678.0,1.894679
10131.0,1.894690
12021.0,1.894700
10721.0,1.894710
10227.0,1.894720
10846.0,1.894731
11189.0,1.894741
12021.0,3.392740
10721.0,3.392763
10227.0,3.392774
9030.0,3.392785
11189.0,3.392796
10846.0,3.392806
11678.0,3.392816
11396.0,3.392827
10131.0,3.392837
9891.0,3.392847
11678.0,4.337956
12021.0,4.337979
9891.0,4.337990
10131.0,4.338001
11189.0,4.338011
10227.0,4.338021
11396.0,4.338031
9030.0,4.338042
10721.0,4.338053
10846.0,4.338063
11189.0,7.395321
12021.0,7.395343
9030.0,7.395354
11678.0,7.395366
10227.0,7.395376
9891.0,7.395386
10846.0,7.395396
11396.0,7.395407
10131.0,7.395417
10721.0,7.395427
10846.0,8.643122
9030.0,8.643145
12021.0,8.643157
11189.0,8.643167
9891.0,8.643178
10227.0,8.643188
10721.0,8.643198
11678.0,8.643208
11396.0,8.643219
10131.0,8.643229
10131.0,8.997446
10721.0,8.997469
11678.0,8.997480
10227.0,8.997490
11396.0,8.997500
9030.0,8.997510
11189.0,8.997521
9891.0,8.997531
12021.0,8.997541
10846.0,8.997551
11678.0,9.726738
10721.0,9.726761
9030.0,9.726772
10227.0,9.726783
11396.0,9.726793
11189.0,9.726809
9891.0,9.726828
10131.0,9.726843
12021.0,9.726857
10846.0,9.726869
10721.0,10.612954
12021.0,10.612977
9030.0,10.612988
11396.0,10.612999
10131.0,10.613009
11189.0,10.613020
10227.0,10.613030
11678.0,10.613040
9891.0,10.613050
10846.0,10.613060
9891.0,12.421512
10131.0,12.421535
10227.0,12.421546
11678.0,12.421557
9030.0,12.421568
10721.0,12.421578
10846.0,12.421589
11396.0,12.421599
11189.0,12.421609
12021.0,12.421619
11189.0,12.805575
10846.0,12.805598
10131.0,12.805609
11396.0,12.805619
10227.0,12.805629
9891.0,12.805640
12021.0,12.805650
9030.0,12.805660
11678.0,12.805671
10721.0,12.805681
10721.0,13.366894
10227.0,13.366917
12021.0,13.366928
10131.0,13.366938
9891.0,13.366949
11396.0,13.366959
10846.0,13.366969
11189.0,13.366980
11678.0,13.366990
9030.0,13.367000
10131.0,14.343543
11189.0,14.343566
9891.0,14.343577
10227.0,14.343588
12021.0,14.343598
10721.0,14.343609
11678.0,14.343619
10846.0,14.343629
11396.0,14.343639
9030.0,14.343650
11189.0,14.765890
10721.0,14.765914
10846.0,14.765925
11678.0,14.765935
10227.0,14.765945
9030.0,14.765956
11396.0,14.765967
12021.0,14.765977
10131.0,14.765987
9891.0,14.765998
12021.0,15.604937
10131.0,15.604960
11189.0,15.604972
10721.0,15.604982
10846.0,15.604992
11396.0,15.605003
11678.0,15.605013
9891.0,15.605024
9030.0,15.605034
10227.0,15.605045
11678.0,16.121349
11189.0,16.121372
10131.0,16.121383
11396.0,16.121394
10846.0,16.121404
10721.0,16.121414
9891.0,16.121425
9030.0,16.121435
10227.0,16.121446
12021.0,16.121456
11396.0,17.998017
11678.0,17.998040
9891.0,17.998051
10846.0,17.998061
12021.0,17.998072
10721.0,17.998082
9030.0,17.998092
11189.0,17.998103
10131.0,17.998113
10227.0,17.998124
10131.0,19.724391
11189.0,19.724415
9891.0,19.724426
10721.0,19.724437
11396.0,19.724447
9030.0,19.724458
10227.0,19.724469
12021.0,19.724479
10846.0,19.724489
11678.0,19.724499
10227.0,20.862647
10846.0,20.862671
9030.0,20.862682
9891.0,20.862693
12021.0,20.862703
10721.0,20.862714
11678.0,20.862724
11396.0,20.862734
10131.0,20.862744
11189.0,20.862754
10721.0,21.445149
11678.0,21.445173
9891.0,21.445184
10846.0,21.445194
12021.0,21.445205
10131.0,21.445215
11189.0,21.445225
9030.0,21.445236
10227.0,21.445246
11396.0,21.445257
10131.0,23.795580
9891.0,23.795603
11189.0,23.795614
10721.0,23.795625
12021.0,23.795635
9030.0,23.795645
10227.0,23.795656
10846.0,23.795667
11678.0,23.795677
11396.0,23.795687
10721.0,23.942483
10846.0,23.942506
10227.0,23.942517
10131.0,23.942527
12021.0,23.942537
9030.0,23.942548
11189.0,23.942559
11396.0,23.942569
9891.0,23.942579
11678.0,23.942590
12021.0,24.549647
10721.0,24.549670
11678.0,24.549681
10131.0,24.549691
9030.0,24.549702
10846.0,24.549713
11396.0,24.549723
11189.0,24.549733
10227.0,24.549743
9891.0,24.549754
9891.0,25.667685
11189.0,25.667709
12021.0,25.667720
10846.0,25.667731
11678.0,25.667741
9030.0,25.667751
10721.0,25.667762
11396.0,25.667773
10131.0,25.667783
10227.0,25.667793
10846.0,26.128539
9030.0,26.128563
11189.0,26.128574
9891.0,26.128585
11678.0,26.128596
11396.0,26.128606
10721.0,26.128617
12021.0,26.128627
10227.0,26.128637
10131.0,26.128647
12021.0,26.522526
9891.0,26.522551
10721.0,26.522562
10227.0,26.522573
11678.0,26.522583
11189.0,26.522593
10846.0,26.522603
11396.0,26.522614
9030.0,26.522624
10131.0,26.522635
10846.0,27.207511
10721.0,27.207533
10131.0,27.207544
10227.0,27.207555
11189.0,27.207565
12021.0,27.207575
11678.0,27.207586
9030.0,27.207596
9891.0,27.207607
11396.0,27.207617
10721.0,27.854856
11189.0,27.854908
12021.0,27.854919
10131.0,27.854929
9891.0,27.854940
11396.0,27.854950
10846.0,27.854960
11678.0,27.854971
9030.0,27.854981
10227.0,27.854992
10131.0,29.301843
11678.0,29.301867
12021.0,29.301878
11396.0,29.301889
9891.0,29.301899
9030.0,29.301910
10846.0,29.301920
10227.0,29.301931
11189.0,29.301941
10721.0,29.301951
10846.0,30.346508
9891.0,30.346532
11189.0,30.346543
9030.0,30.346554
10131.0,30.346564
12021.0,30.346575
11678.0,30.346585
11396.0,30.346595
10227.0,30.346606
10721.0,30.346616
9030.0,33.523545
10131.0,33.523569
10846.0,33.523580
10227.0,33.523591
9891.0,33.523601
11396.0,33.523611
11189.0,33.523621
12021.0,33.523631
10721.0,33.523642
11678.0,33.523652
10227.0,34.641813
9891.0,34.641836
10131.0,34.641847
11396.0,34.641858
11678.0,34.641868
10721.0,34.641878
9030.0,34.641889
12021.0,34.641900
10846.0,34.641910
11189.0,34.641920
9030.0,36.968829
10846.0,36.968852
11396.0,36.968863
10721.0,36.968874
9891.0,36.968885
11189.0,36.968895
11678.0,36.968906
10227.0,36.968916
10131.0,36.968926
12021.0,36.968936
10227.0,37.794018
11396.0,37.794042
10131.0,37.794053
10721.0,37.794064
9030.0,37.794074
11678.0,37.794085
9891.0,37.794096
10846.0,37.794106
11189.0,37.794116
12021.0,37.794127
11396.0,38.906335
10721.0,38.906358
10131.0,38.906368
10227.0,38.906383
12021.0,38.906394
10846.0,38.906404
9030.0,38.906442
11678.0,38.906453
9891.0,38.906480
11189.0,38.906490
11396.0,45.289635
11678.0,45.289665
10131.0,45.289679
10227.0,45.289696
11189.0,45.289706
9891.0,45.289717
9030.0,45.289727
10846.0,45.289738
12021.0,45.289748
10721.0,45.289759
10721.0,46.440238
11189.0,46.440262
11396.0,46.440273
9030.0,46.440283
11678.0,46.440294
10227.0,46.440304
12021.0,46.440315
10846.0,46.440325
10131.0,46.440335
9891.0,46.440346
9891.0,47.476425
9030.0,47.476448
10721.0,47.476460
11678.0,47.476470
11189.0,47.476480
10846.0,47.476490
10227.0,47.476501
10131.0,47.476510
11396.0,47.476520
12021.0,47.476530
9891.0,50.482954
9030.0,50.482977
11189.0,50.482988
11678.0,50.482999
10227.0,50.483009
10131.0,50.483019
11396.0,50.483030
12021.0,50.483040
10721.0,50.483050
10846.0,50.483060
10721.0,51.351471
11396.0,51.351498
11678.0,51.351509
9030.0,51.351519
10227.0,51.351530
11189.0,51.351541
12021.0,51.351551
10846.0,51.351562
10131.0,51.351572
9891.0,51.351582
10227.0,52.110833
9891.0,52.110855
11189.0,52.110867
10131.0,52.110877
11678.0,52.110887
11396.0,52.110898
9030.0,52.110908
10846.0,52.110919
12021.0,52.110929
10721.0,52.110939
9030.0,57.792774
11396.0,57.792798
12021.0,57.792809
11678.0,57.792820
10227.0,57.792830
10846.0,57.792840
9891.0,57.792851
11189.0,57.792861
10131.0,57.792871
10721.0,57.792881
9030.0,60.016531
10131.0,60.016555
10846.0,60.016566
11189.0,60.016576
9891.0,60.016587
11396.0,60.016597
12021.0,60.016607
11678.0,60.016618
10227.0,60.016628
10721.0,60.016638
9891.0,60.589106
11396.0,60.589129
10721.0,60.589140
10131.0,60.589151
11678.0,60.589161
10846.0,60.589171
11189.0,60.589181
12021.0,60.589191
10227.0,60.589202
9030.0,60.589212
10721.0,63.121247
11189.0,63.121270
9891.0,63.121281
9030.0,63.121291
10131.0,63.121302
10846.0,63.121312
11678.0,63.121322
12021.0,63.121332
11396.0,63.121342
10227.0,63.121352
12021.0,63.739226
11396.0,63.739249
10227.0,63.739260
9891.0,63.739271
11678.0,63.739281
11189.0,63.739292
9030.0,63.739302
10721.0,63.739313
10846.0,63.739323
10131.0,63.739333
12021.0,64.676635
10846.0,64.676658
9030.0,64.676669
10721.0,64.676680
10131.0,64.676691
10227.0,64.676701
11678.0,64.676711
9891.0,64.676722
11189.0,64.676732
11396.0,64.676742
11396.0,65.882090
12021.0,65.882113
10721.0,65.882124
11678.0,65.882135
10846.0,65.882145
11189.0,65.882156
10227.0,65.882166
10131.0,65.882176
9891.0,65.882186
9030.0,65.882197
10721.0,67.853596
11189.0,67.853619
11678.0,67.853630
9891.0,67.853641
9030.0,67.853651
10131.0,67.853662
10227.0,67.853673
12021.0,67.853683
10846.0,67.853693
11396.0,67.853703
10846.0,68.624682
10227.0,68.624705
10131.0,68.624716
10721.0,68.624726
11678.0,68.624737
11189.0,68.624747
11396.0,68.624757
12021.0,68.624767
9030.0,68.624778
9891.0,68.624789
10846.0,69.420253
11396.0,69.420278
10721.0,69.420289
11678.0,69.420299
10131.0,69.420309
11189.0,69.420320
9891.0,69.420330
12021.0,69.420342
9030.0,69.420353
10227.0,69.420364
10227.0,70.396438
9891.0,70.396461
10846.0,70.396473
11678.0,70.396483
10721.0,70.396494
11396.0,70.396504
11189.0,70.396514
9030.0,70.396525
10131.0,70.396536
12021.0,70.396546
12021.0,72.685036
11678.0,72.685060
10131.0,72.685071
9030.0,72.685081
11189.0,72.685092
11396.0,72.685103
10227.0,72.685113
9891.0,72.685123
10721.0,72.685133
10846.0,72.685144
12021.0,79.714264
11189.0,79.714288
9891.0,79.714299
10721.0,79.714310
10131.0,79.714320
9030.0,79.714331
11396.0,79.714343
11678.0,79.714354
10227.0,79.714364
10846.0,79.714374
12021.0,81.056642
10131.0,81.056665
10721.0,81.056676
10227.0,81.056687
10846.0,81.056697
11678.0,81.056707
11189.0,81.056717
11396.0,81.056728
9891.0,81.056738
9030.0,81.056749
9891.0,82.407587
11189.0,82.407610
10846.0,82.407622
12021.0,82.407632
11396.0,82.407642
10721.0,82.407653
9030.0,82.407663
10131.0,82.407674
10227.0,82.407684
11678.0,82.407694
9891.0,83.574894
10131.0,83.574918
11189.0,83.574930
12021.0,83.574940
9030.0,83.574950
10227.0,83.574962
10721.0,83.574972
10846.0,83.574982
11396.0,83.574992
11678.0,83.575003
12021.0,85.875791
9891.0,85.875815
10721.0,85.875826
11678.0,85.875836
9030.0,85.875847
10227.0,85.875860
11396.0,85.875870
10131.0,85.875880
11189.0,85.875890
10846.0,85.875901
10131.0,87.498178
10227.0,87.498201
9030.0,87.498212
12021.0,87.498223
11189.0,87.498233
10846.0,87.498244
9891.0,87.498254
11396.0,87.498264
10721.0,87.498275
11678.0,87.498285
9891.0,88.152274
10131.0,88.152297
10227.0,88.152308
9030.0,88.152318
12021.0,88.152329
11189.0,88.152340
10846.0,88.152351
11678.0,88.152361
10721.0,88.152371
11396.0,88.152382
11189.0,88.545514
10846.0,88.545537
9891.0,88.545548
10721.0,88.545558
10131.0,88.545569
10227.0,88.545579
9030.0,88.545590
11678.0,88.545600
11396.0,88.545610
12021.0,88.545621
11189.0,89.147797
10846.0,89.147821
11678.0,89.147832
9891.0,89.147842
11396.0,89.147853
10227.0,89.147863
10131.0,89.147873
12021.0,89.147883
9030.0,89.147894
10721.0,89.147904
11396.0,92.294139
11189.0,92.294161
10846.0,92.294172
10131.0,92.294183
10227.0,92.294193
11678.0,92.294204
9030.0,92.294214
12021.0,92.294230
9891.0,92.294241
10721.0,92.294251
12021.0,95.350188
11678.0,95.350212
10131.0,95.350222
9030.0,95.350233
9891.0,95.350244
10721.0,95.350255
11396.0,95.350265
11189.0,95.350275
10227.0,95.350286
10846.0,95.350296
10131.0,99.956563
10846.0,99.956586
10721.0,99.956598
10227.0,99.956608
12021.0,99.956618
11396.0,99.956628
9891.0,99.956639
11678.0,99.956649
9030.0,99.956659
11189.0,99.956670
10131.0,101.074129
10721.0,101.074153
11678.0,101.074164
12021.0,101.074175
10227.0,101.074185
11189.0,101.074195
11396.0,101.074206
9030.0,101.074216
9891.0,101.074227
10846.0,101.074237
10721.0,102.068416
11396.0,102.068443
10846.0,102.068454
12021.0,102.068465
9891.0,102.068475
10131.0,102.068486
11189.0,102.068496
10227.0,102.068506
11678.0,102.068516
9030.0,102.068527
11678.0,103.934822
9030.0,103.934844
11396.0,103.934856
10131.0,103.934866
10721.0,103.934877
12021.0,103.934887
10227.0,103.934897
10846.0,103.934907
9891.0,103.934917
11189.0,103.934927
12021.0,105.973171
10721.0,105.973194
10846.0,105.973205
11189.0,105.973215
11396.0,105.973226
10227.0,105.973236
11678.0,105.973246
9891.0,105.973257
10131.0,105.973267
9030.0,105.973277
10131.0,106.298440
12021.0,106.298464
11396.0,106.298474
11678.0,106.298485
11189.0,106.298496
10227.0,106.298507
10721.0,106.298518
9030.0,106.298528
9891.0,106.298539
10846.0,106.298549
11678.0,107.247847
12021.0,107.247871
9030.0,107.247882
11189.0,107.247893
10721.0,107.247904
10846.0,107.247914
9891.0,107.247925
10227.0,107.247935
10131.0,107.247946
11396.0,107.247956
10131.0,107.628168
11678.0,107.628191
11189.0,107.628202
9891.0,107.628213
10846.0,107.628223
9030.0,107.628234
10227.0,107.628245
11396.0,107.628255
12021.0,107.628265
10721.0,107.628276
9030.0,108.767187
11396.0,108.767210
12021.0,108.767221
10131.0,108.767232
10846.0,108.767242
10227.0,108.767253
11189.0,108.767263
9891.0,108.767274
11678.0,108.767284
10721.0,108.767294
10227.0,109.228778
11396.0,109.228802
10846.0,109.228813
12021.0,109.228824
9030.0,109.228834
10721.0,109.228845
11189.0,109.228856
11678.0,109.228866
9891.0,109.228876
10131.0,109.228887
10227.0,112.189564
10721.0,112.189587
10131.0,112.189597
11678.0,112.189608
10846.0,112.189618
11189.0,112.189629
11396.0,112.189639
9030.0,112.189649
9891.0,112.189660
12021.0,112.189671
10846.0,113.352234
9030.0,113.352257
11396.0,113.352268
11189.0,113.352279
12021.0,113.352289
10227.0,113.352299
10721.0,113.352310
11678.0,113.352320
9891.0,113.352330
10131.0,113.352341
10131.0,115.325597
10227.0,115.325620
10846.0,115.325631
11189.0,115.325642
10721.0,115.325652
11678.0,115.325663
12021.0,115.325673
9030.0,115.325683
11396.0,115.325694
9891.0,115.325705
9030.0,116.884135
11678.0,116.884159
10721.0,116.884170
12021.0,116.884180
11189.0,116.884191
10846.0,116.884201
11396.0,116.884211
10131.0,116.884221
9891.0,116.884232
10227.0,116.884242
10227.0,117.320305
10846.0,117.320328
11678.0,117.320339
10721.0,117.320350
9030.0,117.320361
10131.0,117.320372
12021.0,117.320382
11396.0,117.320392
9891.0,117.320403
11189.0,117.320413
11189.0,118.259886
10131.0,118.259925
10846.0,118.259937
11396.0,118.259947
10227.0,118.259958
9891.0,118.259968
11678.0,118.259979
12021.0,118.259989
10721.0,118.259999
9030.0,118.260009
12021.0,119.693869
10846.0,119.693893
11678.0,119.693904
9030.0,119.693915
10227.0,119.693926
10131.0,119.693936
11396.0,119.693946
11189.0,119.693956
9891.0,119.693967
10721.0,119.693979
10227.0,120.753660
11189.0,120.753682
10846.0,120.753693
9891.0,120.753704
9030.0,120.753715
11678.0,120.753726
10131.0,120.753736
11396.0,120.753746
12021.0,120.753756
10721.0,120.753766
10846.0,122.809984
11678.0,122.810007
9030.0,122.810018
10131.0,122.810030
9891.0,122.810040
11396.0,122.810050
11189.0,122.810065
10227.0,122.810079
12021.0,122.810092
10721.0,122.810106
10227.0,124.675211
10846.0,124.675234
10131.0,124.675245
9030.0,124.675256
11678.0,124.675267
9891.0,124.675277
10721.0,124.675288
11396.0,124.675298
11189.0,124.675308
12021.0,124.675318
11678.0,125.486352
9030.0,125.486375
10846.0,125.486386
10721.0,125.486397
10131.0,125.486407
11396.0,125.486418
11189.0,125.486428
9891.0,125.486438
10227.0,125.486448
12021.0,125.486459
11678.0,127.684184
11189.0,127.684208
10846.0,127.684219
10721.0,127.684230
9030.0,127.684240
11396.0,127.684251
10131.0,127.684262
10227.0,127.684272
9891.0,127.684282
12021.0,127.684293
10227.0,129.719943
9030.0,129.719966
9891.0,129.719977
11678.0,129.719988
10846.0,129.719998
11396.0,129.720009
12021.0,129.720019
10131.0,129.720029
11189.0,129.720039
10721.0,129.720049
10227.0,130.541436
10131.0,130.541458
10721.0,130.541469
11396.0,130.541480
10846.0,130.541490
9030.0,130.541500
9891.0,130.541511
12021.0,130.541522
11189.0,130.541532
11678.0,130.541542
9030.0,131.484858
10846.0,131.484882
12021.0,131.484893
10131.0,131.484903
9891.0,131.484914
11396.0,131.484924
10721.0,131.484934
10227.0,131.484944
11189.0,131.484954
11678.0,131.484965
12021.0,131.950331
9030.0,131.950355
11396.0,131.950367
10227.0,131.950377
11189.0,131.950388
10131.0,131.950398
10721.0,131.950409
10846.0,131.950419
11678.0,131.950429
9891.0,131.950440
11396.0,133.327661
11678.0,133.327685
12021.0,133.327696
10846.0,133.327706
9891.0,133.327716
11189.0,133.327727
10227.0,133.327737
10131.0,133.327747
10721.0,133.327757
9030.0,133.327768
9030.0,134.218412
12021.0,134.218436
9891.0,134.218448
11189.0,134.218458
11678.0,134.218469
10227.0,134.218479
10721.0,134.218490
10131.0,134.218500
10846.0,134.218510
11396.0,134.218520
10227.0,139.419431
12021.0,139.419455
10131.0,139.419466
9030.0,139.419476
10846.0,139.419487
11678.0,139.419498
11396.0,139.419508
11189.0,139.419519
10721.0,139.419529
9891.0,139.419539
9030.0,140.484059
11396.0,140.484083
12021.0,140.484094
10227.0,140.484105
9891.0,140.484115
11678.0,140.484126
11189.0,140.484136
10131.0,140.484146
10721.0,140.484156
10846.0,140.484166
11678.0,142.517281
11189.0,142.517304
10721.0,142.517315
10131.0,142.517325
9891.0,142.517336
9030.0,142.517346
12021.0,142.517357
10227.0,142.517367
11396.0,142.517378
10846.0,142.517388
9891.0,143.578462
11396.0,143.578485
10227.0,143.578496
10131.0,143.578507
12021.0,143.578517
11189.0,143.578527
10721.0,143.578538
11678.0,143.578548
9030.0,143.578559
10846.0,143.578569
12021.0,145.316646
11396.0,145.316685
11678.0,145.316696
9030.0,145.316707
10227.0,145.316718
10721.0,145.316728
9891.0,145.316739
11189.0,145.316749
10131.0,145.316759
10846.0,145.316769
10227.0,145.754110
12021.0,145.754133
11396.0,145.754144
10131.0,145.754154
9030.0,145.754165
11678.0,145.754176
9891.0,145.754186
11189.0,145.754197
10721.0,145.754207
10846.0,145.754217
9891.0,147.029473
10131.0,147.029496
11678.0,147.029507
11396.0,147.029518
9030.0,147.029528
11189.0,147.029539
10846.0,147.029549
10227.0,147.029560
12021.0,147.029570
10721.0,147.029580
9030.0,148.243386
10846.0,148.243409
10227.0,148.243420
12021.0,148.243431
10721.0,148.243442
11189.0,148.243452
9891.0,148.243462
11396.0,148.243472
10131.0,148.243483
11678.0,148.243493
9030.0,150.621154
10131.0,150.621177
11189.0,150.621188
10227.0,150.621198
10721.0,150.621208
10846.0,150.621219
9891.0,150.621229
11396.0,150.621239
11678.0,150.621249
12021.0,150.621259
12021.0,153.730060
9891.0,153.730092
10227.0,153.730104
10846.0,153.730119
10721.0,153.730134
10131.0,153.730145
11396.0,153.730171
11678.0,153.730182
9030.0,153.730192
11189.0,153.730203
10131.0,154.080791
9030.0,154.080813
11189.0,154.080825
12021.0,154.080836
10846.0,154.080846
10227.0,154.080856
11396.0,154.080867
11678.0,154.080877
9891.0,154.080887
10721.0,154.080897
10721.0,155.112320
11189.0,155.112348
10131.0,155.112360
10846.0,155.112370
10227.0,155.112380
9891.0,155.112391
11396.0,155.112401
9030.0,155.112411
11678.0,155.112422
12021.0,155.112433
12021.0,155.613787
11189.0,155.613811
10846.0,155.613822
10131.0,155.613832
11678.0,155.613843
11396.0,155.613853
9030.0,155.613864
10227.0,155.613875
10721.0,155.613885
9891.0,155.613895
12021.0,155.922399
10846.0,155.922422
11189.0,155.922433
10131.0,155.922443
11396.0,155.922454
10721.0,155.922464
10227.0,155.922474
9891.0,155.922485
11678.0,155.922495
9030.0,155.922505
11189.0,156.768467
11678.0,156.768496
10131.0,156.768507
11396.0,156.768518
10227.0,156.768528
10846.0,156.768538
9891.0,156.768549
12021.0,156.768560
9030.0,156.768570
10721.0,156.768581
10721.0,158.140597
10846.0,158.140620
11396.0,158.140631
10131.0,158.140641
10227.0,158.140652
11189.0,158.140662
12021.0,158.140672
9030.0,158.140682
11678.0,158.140693
9891.0,158.140704
12021.0,159.108108
10131.0,159.108132
11678.0,159.108143
9030.0,159.108154
11189.0,159.108165
10846.0,159.108175
11396.0,159.108186
10721.0,159.108196
9891.0,159.108206
10227.0,159.108217
10846.0,159.795406
11396.0,159.795430
9030.0,159.795441
12021.0,159.795452
11678.0,159.795463
11189.0,159.795473
9891.0,159.795484
10131.0,159.795494
10227.0,159.795504
10721.0,159.795514
9891.0,160.847785
10846.0,160.847807
10131.0,160.847818
12021.0,160.847829
9030.0,160.847839
11678.0,160.847850
10227.0,160.847860
10721.0,160.847871
11396.0,160.847881
11189.0,160.847891
11189.0,162.489291
10227.0,162.489314
12021.0,162.489325
10721.0,162.489335
10131.0,162.489346
10846.0,162.489356
11396.0,162.489366
11678.0,162.489377
9891.0,162.489387
9030.0,162.489397
12021.0,163.382039
9891.0,163.382062
11189.0,163.382073
11678.0,163.382084
9030.0,163.382094
11396.0,163.382105
10227.0,163.382115
10721.0,163.382125
10131.0,163.382135
10846.0,163.382145
11189.0,164.037799
10846.0,164.037825
11678.0,164.037836
10227.0,164.037847
10721.0,164.037857
9891.0,164.037867
10131.0,164.037878
12021.0,164.037888
11396.0,164.037898
9030.0,164.037908
10131.0,165.164343
11396.0,165.164391
10227.0,165.164402
11678.0,165.164412
9030.0,165.164422
9891.0,165.164433
11189.0,165.164444
10721.0,165.164454
10846.0,165.164464
12021.0,165.164474
10131.0,166.551918
12021.0,166.551942
9891.0,166.551953
11678.0,166.551964
10721.0,166.551975
10846.0,166.551985
9030.0,166.551995
11396.0,166.552006
11189.0,166.552016
10227.0,166.552027
10846.0,167.379109
10131.0,167.379132
11396.0,167.379143
10227.0,167.379153
11678.0,167.379164
9030.0,167.379174
9891.0,167.379185
12021.0,167.379195
11189.0,167.379206
10721.0,167.379216
10846.0,168.045081
10131.0,168.045104
11678.0,168.045115
11189.0,168.045126
10227.0,168.045136
12021.0,168.045146
9030.0,168.045157
9891.0,168.045168
10721.0,168.045178
11396.0,168.045188
10131.0,170.458323
9030.0,170.458346
11189.0,170.458358
10721.0,170.458369
10846.0,170.458379
11678.0,170.458389
12021.0,170.458399
9891.0,170.458411
11396.0,170.458422
10227.0,170.458432
12021.0,171.036510
10846.0,171.036533
11396.0,171.036544
10131.0,171.036555
9030.0,171.036565
11189.0,171.036576
10227.0,171.036586
11678.0,171.036597
10721.0,171.036607
9891.0,171.036617
12021.0,171.558762
11396.0,171.558789
11189.0,171.558800
11678.0,171.558811
10721.0,171.558822
9891.0,171.558832
10846.0,171.558843
10131.0,171.558853
10227.0,171.558864
9030.0,171.558874
9891.0,172.897753
10131.0,172.897777
11396.0,172.897788
10846.0,172.897798
9030.0,172.897808
10721.0,172.897820
11678.0,172.897830
12021.0,172.897841
11189.0,172.897851
10227.0,172.897861
11396.0,173.563074
10846.0,173.563098
9030.0,173.563108
9891.0,173.563120
10131.0,173.563130
10721.0,173.563140
11678.0,173.563151
12021.0,173.563161
10227.0,173.563171
11189.0,173.563181
10227.0,174.613376
11396.0,174.613399
10846.0,174.613410
9030.0,174.613421
12021.0,174.613432
9891.0,174.613442
10131.0,174.613453
11678.0,174.613463
10721.0,174.613473
11189.0,174.613484
10227.0,175.570695
10131.0,175.570718
11189.0,175.570729
11678.0,175.570739
11396.0,175.570750
9891.0,175.570762
12021.0,175.570773
10721.0,175.570783
10846.0,175.570794
9030.0,175.570804
10721.0,176.135414
11396.0,176.135438
10846.0,176.135449
9891.0,176.135459
10227.0,176.135470
10131.0,176.135480
12021.0,176.135490
11678.0,176.135500
11189.0,176.135511
9030.0,176.135521
9030.0,180.474447
9891.0,180.474472
11396.0,180.474483
11678.0,180.474493
11189.0,180.474504
12021.0,180.474514
10846.0,180.474525
10131.0,180.474535
10721.0,180.474545
10227.0,180.474555
10131.0,181.211253
9891.0,181.211277
10227.0,181.211288
10721.0,181.211299
11678.0,181.211309
11189.0,181.211319
9030.0,181.211330
10846.0,181.211341
11396.0,181.211351
12021.0,181.211361
9030.0,182.613845
9891.0,182.613868
10227.0,182.613879
11678.0,182.613890
10721.0,182.613900
12021.0,182.613910
10131.0,182.613920
11396.0,182.613931
11189.0,182.613941
10846.0,182.613951
12021.0,185.989601
10227.0,185.989626
9891.0,185.989637
10131.0,185.989648
11189.0,185.989658
10846.0,185.989668
10721.0,185.989679
9030.0,185.989689
11678.0,185.989700
11396.0,185.989711
10846.0,193.403442
11678.0,193.403465
9030.0,193.403476
10721.0,193.403487
11189.0,193.403498
11396.0,193.403509
10227.0,193.403519
12021.0,193.403529
10131.0,193.403539
9891.0,193.403550
11189.0,194.020855
11678.0,194.020878
9030.0,194.020889
12021.0,194.020900
11396.0,194.020910
10721.0,194.020921
10846.0,194.020931
9891.0,194.020941
10227.0,194.020952
10131.0,194.020962
11189.0,195.402560
11396.0,195.402583
9030.0,195.402594
12021.0,195.402605
10721.0,195.402615
10846.0,195.402626
10227.0,195.402636
11678.0,195.402647
10131.0,195.402657
9891.0,195.402668
10227.0,195.870252
11396.0,195.870276
12021.0,195.870292
11678.0,195.870308
11189.0,195.870321
9891.0,195.870332
9030.0,195.870342
10846.0,195.870353
10721.0,195.870363
10131.0,195.870373
11678.0,196.303613
10846.0,196.303636
11396.0,196.303648
9030.0,196.303658
12021.0,196.303669
10131.0,196.303679
10227.0,196.303690
11189.0,196.303700
9891.0,196.303710
10721.0,196.303720
12021.0,196.954546
11396.0,196.954570
10227.0,196.954581
10721.0,196.954591
11189.0,196.954601
10131.0,196.954611
9030.0,196.954622
10846.0,196.954633
11678.0,196.954643
9891.0,196.954653
11396.0,198.554724
11189.0,198.554747
10227.0,198.554758
10721.0,198.554768
10131.0,198.554778
11678.0,198.554789
12021.0,198.554799
9891.0,198.554810
10846.0,198.554820
9030.0,198.554830
10846.0,200.912500
11678.0,200.912526
11396.0,200.912537
10227.0,200.912548
9891.0,200.912559
10131.0,200.912569
10721.0,200.912579
11189.0,200.912590
9030.0,200.912600
12021.0,200.912612
10846.0,201.523178
10227.0,201.523209
11396.0,201.523220
10721.0,201.523231
9891.0,201.523241
10131.0,201.523255
11189.0,201.523268
12021.0,201.523283
9030.0,201.523301
11678.0,201.523317
11189.0,203.151334
12021.0,203.151357
9030.0,203.151368
11396.0,203.151379
10721.0,203.151390
10131.0,203.151400
9891.0,203.151411
10227.0,203.151421
10846.0,203.151431
11678.0,203.151441
9891.0,204.424170
11396.0,204.424194
10721.0,204.424205
10131.0,204.424215
10227.0,204.424226
11678.0,204.424236
12021.0,204.424246
9030.0,204.424257
11189.0,204.424268
10846.0,204.424278
11678.0,205.421046
9891.0,205.421069
11396.0,205.421080
10846.0,205.421090
9030.0,205.421100
10131.0,205.421111
10721.0,205.421121
10227.0,205.421131
11189.0,205.421141
12021.0,205.421151
11189.0,206.363056
10846.0,206.363080
9030.0,206.363090
11396.0,206.363102
9891.0,206.363112
12021.0,206.363122
10227.0,206.363133
10131.0,206.363143
11678.0,206.363153
10721.0,206.363163
9891.0,206.944711
10227.0,206.944734
12021.0,206.944745
9030.0,206.944756
11189.0,206.944767
11678.0,206.944777
10846.0,206.944788
10721.0,206.944798
10131.0,206.944808
11396.0,206.944819
9030.0,207.413313
11678.0,207.413336
12021.0,207.413347
11396.0,207.413358
10227.0,207.413368
10721.0,207.413379
10846.0,207.413389
10131.0,207.413399
9891.0,207.413409
11189.0,207.413420
11678.0,208.039063
11189.0,208.039087
11396.0,208.039098
12021.0,208.039108
10721.0,208.039119
10227.0,208.039129
10131.0,208.039139
10846.0,208.039149
9030.0,208.039160
9891.0,208.039170
11396.0,208.720342
10227.0,208.720388
9891.0,208.720401
10721.0,208.720411
11189.0,208.720422
10846.0,208.720432
11678.0,208.720442
10131.0,208.720452
12021.0,208.720462
9030.0,208.720473
11396.0,209.717216
9891.0,209.717240
10131.0,209.717251
11189.0,209.717261
12021.0,209.717272
10227.0,209.717282
10721.0,209.717293
10846.0,209.717303
9030.0,209.717313
11678.0,209.717326
12021.0,216.060724
10131.0,216.060748
11678.0,216.060759
9030.0,216.060769
10721.0,216.060780
9891.0,216.060791
11189.0,216.060801
10227.0,216.060811
11396.0,216.060822
10846.0,216.060832
11189.0,216.751671
12021.0,216.751694
9030.0,216.751705
10846.0,216.751717
10227.0,216.751727
11678.0,216.751737
10131.0,216.751748
11396.0,216.751758
9891.0,216.751768
10721.0,216.751779
10131.0,218.167083
11678.0,218.167107
11396.0,218.167118
10846.0,218.167128
9891.0,218.167138
10227.0,218.167149
10721.0,218.167159
12021.0,218.167169
9030.0,218.167180
11189.0,218.167191
10227.0,219.047682
12021.0,219.047705
9030.0,219.047716
11189.0,219.047727
11678.0,219.047738
9891.0,219.047748
11396.0,219.047759
10846.0,219.047769
10721.0,219.047779
10131.0,219.047790
10227.0,221.777729
10721.0,221.777757
11396.0,221.777768
11678.0,221.777779
12021.0,221.777789
9891.0,221.777800
10846.0,221.777810
10131.0,221.777820
11189.0,221.777830
9030.0,221.777841
12021.0,222.444062
10846.0,222.444086
11678.0,222.444097
11189.0,222.444107
11396.0,222.444118
9891.0,222.444128
9030.0,222.444139
10227.0,222.444150
10131.0,222.444160
10721.0,222.444170
11189.0,225.839269
10721.0,225.839292
11678.0,225.839304
10846.0,225.839314
11396.0,225.839324
10227.0,225.839335
12021.0,225.839345
9030.0,225.839355
10131.0,225.839366
9891.0,225.839376
10131.0,231.351197
10721.0,231.351223
11396.0,231.351234
9030.0,231.351244
10227.0,231.351255
9891.0,231.351266
11189.0,231.351277
11678.0,231.351287
10846.0,231.351297
12021.0,231.351307
9891.0,234.504422
10846.0,234.504446
10227.0,234.504457
10131.0,234.504468
12021.0,234.504478
10721.0,234.504489
11189.0,234.504499
9030.0,234.504510
11396.0,234.504521
11678.0,234.504531
10227.0,236.268996
10846.0,236.269020
11678.0,236.269031
11189.0,236.269042
10721.0,236.269052
9891.0,236.269063
9030.0,236.269073
10131.0,236.269084
11396.0,236.269094
12021.0,236.269104
11678.0,236.660606
11189.0,236.660634
9891.0,236.660645
9030.0,236.660656
10227.0,236.660667
11396.0,236.660677
10846.0,236.660688
10721.0,236.660698
12021.0,236.660708
10131.0,236.660718
10131.0,238.784160
9891.0,238.784183
10227.0,238.784194
11189.0,238.784205
10846.0,238.784215
12021.0,238.784225
10721.0,238.784237
11396.0,238.784253
11678.0,238.784267
9030.0,238.784281
11396.0,239.499659
9891.0,239.499682
12021.0,239.499693
11678.0,239.499703
10131.0,239.499713
9030.0,239.499724
10721.0,239.499735
11189.0,239.499745
10227.0,239.499755
10846.0,239.499766
10131.0,240.811218
9030.0,240.811243
11678.0,240.811254
9891.0,240.811265
12021.0,240.811275
10721.0,240.811286
10227.0,240.811297
11189.0,240.811307
11396.0,240.811317
10846.0,240.811327
10721.0,241.058325
10846.0,241.058349
10131.0,241.058359
9030.0,241.058370
11396.0,241.058381
11189.0,241.058392
11678.0,241.058402
10227.0,241.058412
9891.0,241.058423
12021.0,241.058433
9030.0,241.237976
10131.0,241.238000
10227.0,241.238011
11396.0,241.238022
9891.0,241.238032
10721.0,241.238043
10846.0,241.238053
11678.0,241.238063
12021.0,241.238073
11189.0,241.238083
12021.0,245.481220
9891.0,245.481243
11189.0,245.481255
11396.0,245.481265
10227.0,245.481276
10721.0,245.481286
10131.0,245.481296
9030.0,245.481307
11678.0,245.481318
10846.0,245.481328
10846.0,246.501919
10227.0,246.501942
11678.0,246.501953
10131.0,246.501963
12021.0,246.501974
9030.0,246.501984
9891.0,246.501995
10721.0,246.502005
11396.0,246.502015
11189.0,246.502026
10131.0,247.303964
10227.0,247.303997
9030.0,247.304008
10721.0,247.304019
11396.0,247.304030
10846.0,247.304040
12021.0,247.304050
11678.0,247.304061
11189.0,247.304071
9891.0,247.304081
10721.0,248.485422
11678.0,248.485446
10131.0,248.485457
10846.0,248.485468
9891.0,248.485478
11396.0,248.485488
11189.0,248.485499
12021.0,248.485509
10227.0,248.485519
9030.0,248.485529
10846.0,248.910365
9891.0,248.910388
10131.0,248.910399
10721.0,248.910409
11189.0,248.910420
11396.0,248.910430
11678.0,248.910441
10227.0,248.910451
12021.0,248.910461
9030.0,248.910471
10227.0,250.998703
10721.0,250.998727
11189.0,250.998738
11678.0,250.998748
9891.0,250.998759
10846.0,250.998769
9030.0,250.998779
11396.0,250.998790
12021.0,250.998800
10131.0,250.998810
11189.0,251.309161
12021.0,251.309185
10846.0,251.309196
10227.0,251.309207
10721.0,251.309217
9891.0,251.309228
11396.0,251.309238
9030.0,251.309248
10131.0,251.309260
11678.0,251.309270
9030.0,254.032413
9891.0,254.032444
10721.0,254.032459
11678.0,254.032473
10131.0,254.032489
10846.0,254.032504
10227.0,254.032518
11189.0,254.032532
12021.0,254.032548
11396.0,254.032564
10846.0,255.646497
12021.0,255.646520
11678.0,255.646531
11189.0,255.646541
10131.0,255.646551
9030.0,255.646562
10721.0,255.646573
11396.0,255.646583
10227.0,255.646593
9891.0,255.646603
10846.0,257.060442
9891.0,257.060466
9030.0,257.060477
10227.0,257.060488
10721.0,257.060499
10131.0,257.060509
11678.0,257.060519
11189.0,257.060529
12021.0,257.060539
11396.0,257.060550
11189.0,264.455123
10721.0,264.455146
11396.0,264.455157
9030.0,264.455168
11678.0,264.455179
10846.0,264.455189
12021.0,264.455200
9891.0,264.455210
10131.0,264.455220
10227.0,264.455231
9030.0,267.532642
9891.0,267.532667
11678.0,267.532678
10227.0,267.532689
11396.0,267.532699
12021.0,267.532709
10846.0,267.532719
10721.0,267.532730
10131.0,267.532740
11189.0,267.532750
9891.0,269.026201
11396.0,269.026225
11678.0,269.026236
10227.0,269.026246
10721.0,269.026257
12021.0,269.026267
11189.0,269.026277
9030.0,269.026288
10846.0,269.026299
10131.0,269.026309
11678.0,269.530385
12021.0,269.530409
10721.0,269.530420
9891.0,269.530431
9030.0,269.530441
10227.0,269.530452
11396.0,269.530463
11189.0,269.530473
10846.0,269.530483
10131.0,269.530493
11678.0,270.022164
10721.0,270.022188
11396.0,270.022199
9891.0,270.022210
10131.0,270.022221
10227.0,270.022231
9030.0,270.022241
10846.0,270.022252
12021.0,270.022263
11189.0,270.022273
12021.0,270.292521
11396.0,270.292552
10131.0,270.292563
10846.0,270.292573
9030.0,270.292583
11678.0,270.292595
10721.0,270.292605
9891.0,270.292615
10227.0,270.292626
11189.0,270.292636
10227.0,271.307606
10131.0,271.307628
10846.0,271.307639
9030.0,271.307650
12021.0,271.307661
11396.0,271.307671
11678.0,271.307682
11189.0,271.307692
10721.0,271.307702
9891.0,271.307712
9891.0,272.279109
10227.0,272.279133
10846.0,272.279144
11396.0,272.279154
9030.0,272.279164
10721.0,272.279175
12021.0,272.279185
11678.0,272.279196
11189.0,272.279206
10131.0,272.279218
9030.0,272.754996
10846.0,272.755020
11678.0,272.755031
11396.0,272.755041
10721.0,272.755052
11189.0,272.755062
10227.0,272.755072
10131.0,272.755082
12021.0,272.755092
9891.0,272.755103
10846.0,273.457036
9891.0,273.457060
10227.0,273.457071
9030.0,273.457081
11678.0,273.457093
12021.0,273.457103
11396.0,273.457113
11189.0,273.457124
10721.0,273.457134
10131.0,273.457144
11678.0,273.958356
10227.0,273.958379
9030.0,273.958390
9891.0,273.958402
10846.0,273.958412
10721.0,273.958422
12021.0,273.958432
10131.0,273.958443
11189.0,273.958453
11396.0,273.958463
10131.0,275.989036
10721.0,275.989060
10227.0,275.989071
10846.0,275.989081
11396.0,275.989091
9891.0,275.989102
11678.0,275.989112
11189.0,275.989123
9030.0,275.989133
12021.0,275.989143
11678.0,277.184333
10846.0,277.184357
10721.0,277.184368
11189.0,277.184379
12021.0,277.184389
11396.0,277.184399
9030.0,277.184410
9891.0,277.184421
10131.0,277.184432
10227.0,277.184442
10131.0,278.779657
10227.0,278.779680
11189.0,278.779692
12021.0,278.779702
10846.0,278.779712
9030.0,278.779723
10721.0,278.779734
11396.0,278.779744
9891.0,278.779754
11678.0,278.779765
10227.0,279.781083
10846.0,279.781106
9891.0,279.781118
10131.0,279.781129
9030.0,279.781139
10721.0,279.781150
11189.0,279.781160
11396.0,279.781171
11678.0,279.781181
12021.0,279.781191
10721.0,280.131543
9891.0,280.131566
11189.0,280.131577
10846.0,280.131588
11678.0,280.131598
11396.0,280.131608
9030.0,280.131619
12021.0,280.131630
10227.0,280.131640
10131.0,280.131650
11678.0,281.470053
10131.0,281.470077
9891.0,281.470088
10846.0,281.470098
11396.0,281.470109
11189.0,281.470119
10721.0,281.470129
10227.0,281.470140
9030.0,281.470150
12021.0,281.470161
9030.0,282.201240
12021.0,282.201264
11189.0,282.201275
9891.0,282.201286
11396.0,282.201296
10721.0,282.201306
10131.0,282.201317
10846.0,282.201327
10227.0,282.201337
11678.0,282.201347
10227.0,282.451491
10721.0,282.451515
10846.0,282.451526
10131.0,282.451536
9030.0,282.451546
9891.0,282.451558
12021.0,282.451568
11189.0,282.451578
11396.0,282.451588
11678.0,282.451598
9891.0,282.823545
10846.0,282.823573
10227.0,282.823584
11189.0,282.823595
9030.0,282.823605
10721.0,282.823616
10131.0,282.823626
12021.0,282.823637
11678.0,282.823647
11396.0,282.823657
10846.0,285.919415
12021.0,285.919438
10131.0,285.919449
10721.0,285.919459
11189.0,285.919469
11678.0,285.919480
9030.0,285.919490
11396.0,285.919501
10227.0,285.919511
9891.0,285.919521
12021.0,286.457471
10227.0,286.457494
11678.0,286.457505
11396.0,286.457516
9891.0,286.457526
9030.0,286.457537
10846.0,286.457548
11189.0,286.457558
10721.0,286.457568
10131.0,286.457578
10721.0,287.300730
11396.0,287.300764
10846.0,287.300775
10131.0,287.300786
9030.0,287.300797
12021.0,287.300808
11678.0,287.300818
9891.0,287.300829
11189.0,287.300839
10227.0,287.300849
10846.0,287.604291
11678.0,287.604323
10227.0,287.604338
11396.0,287.604352
10721.0,287.604367
9891.0,287.604382
9030.0,287.604397
10131.0,287.604412
12021.0,287.604426
11189.0,287.604440
10227.0,290.321712
9891.0,290.321735
9030.0,290.321747
11678.0,290.321757
11396.0,290.321768
12021.0,290.321778
10721.0,290.321788
10846.0,290.321799
10131.0,290.321809
11189.0,290.321819
10227.0,291.558968
12021.0,291.558993
9891.0,291.559004
10846.0,291.559014
11396.0,291.559025
11189.0,291.559035
11678.0,291.559045
9030.0,291.559055
10721.0,291.559066
10131.0,291.559077
10131.0,296.200348
9030.0,296.200372
10227.0,296.200383
9891.0,296.200394
10846.0,296.200404
10721.0,296.200415
11678.0,296.200425
11189.0,296.200436
11396.0,296.200446
12021.0,296.200456
12021.0,296.624489
10721.0,296.624517
10846.0,296.624528
9030.0,296.624539
11396.0,296.624550
10227.0,296.624560
11189.0,296.624571
11678.0,296.624581
9891.0,296.624597
10131.0,296.624608
10721.0,300.514113
10227.0,300.514136
10131.0,300.514147
11189.0,300.514157
11678.0,300.514167
9891.0,300.514178
12021.0,300.514188
10846.0,300.514198
9030.0,300.514208
11396.0,300.514219
10227.0,301.300887
9891.0,301.300912
10846.0,301.300923
11189.0,301.300934
10131.0,301.300944
9030.0,301.300954
11678.0,301.300965
10721.0,301.300975
12021.0,301.300985
11396.0,301.300999
11678.0,303.315307
11396.0,303.315331
9891.0,303.315342
9030.0,303.315353
11189.0,303.315364
12021.0,303.315374
10721.0,303.315385
10131.0,303.315395
10846.0,303.315405
10227.0,303.315415
11189.0,304.137560
9030.0,304.137584
9891.0,304.137595
10227.0,304.137606
12021.0,304.137616
10721.0,304.137627
10846.0,304.137637
11396.0,304.137647
10131.0,304.137657
11678.0,304.137668
9891.0,306.509698
11678.0,306.509721
10846.0,306.509732
9030.0,306.509743
11189.0,306.509754
10131.0,306.509764
12021.0,306.509774
10721.0,306.509785
11396.0,306.509795
10227.0,306.509805
9030.0,311.606133
10721.0,311.606157
10846.0,311.606168
12021.0,311.606178
11396.0,311.606189
10227.0,311.606199
11189.0,311.606209
10131.0,311.606219
9891.0,311.606230
11678.0,311.606240
10721.0,313.349326
11396.0,313.349351
9030.0,313.349362
10227.0,313.349373
10846.0,313.349383
12021.0,313.349394
11189.0,313.349404
10131.0,313.349414
11678.0,313.349424
9891.0,313.349435
11396.0,313.579014
10131.0,313.579037
9891.0,313.579051
9030.0,313.579063
10227.0,313.579074
11189.0,313.579084
10846.0,313.579094
10721.0,313.579105
11678.0,313.579115
12021.0,313.579125
9030.0,314.176792
10227.0,314.176816
11678.0,314.176827
10721.0,314.176838
11189.0,314.176848
9891.0,314.176859
10846.0,314.176869
11396.0,314.176880
10131.0,314.176890
12021.0,314.176899
10721.0,315.823150
11189.0,315.823172
11396.0,315.823183
9030.0,315.823194
10227.0,315.823204
11678.0,315.823214
12021.0,315.823224
10131.0,315.823234
9891.0,315.823244
10846.0,315.823254
10131.0,317.131724
9030.0,317.131747
10721.0,317.131758
10227.0,317.131769
12021.0,317.131779
11189.0,317.131789
11396.0,317.131799
9891.0,317.131810
11678.0,317.131820
10846.0,317.131830
11678.0,317.589129
9030.0,317.589153
10846.0,317.589164
10227.0,317.589175
10721.0,317.589185
10131.0,317.589195
12021.0,317.589206
9891.0,317.589216
11189.0,317.589226
11396.0,317.589237
10131.0,318.645388
9030.0,318.645411
10846.0,318.645423
11189.0,318.645433
12021.0,318.645443
11678.0,318.645454
10721.0,318.645464
10227.0,318.645474
11396.0,318.645485
9891.0,318.645495
9030.0,321.623090
11678.0,321.623113
11396.0,321.623124
10846.0,321.623134
10721.0,321.623148
12021.0,321.623159
10131.0,321.623169
10227.0,321.623179
9891.0,321.623190
11189.0,321.623200
10721.0,322.019265
11396.0,322.019289
10131.0,322.019300
10227.0,322.019310
10846.0,322.019321
12021.0,322.019331
9891.0,322.019341
9030.0,322.019352
11189.0,322.019363
11678.0,322.019373
10131.0,322.719703
9030.0,322.719727
10846.0,322.719739
11396.0,322.719749
10721.0,322.719760
9891.0,322.719770
11189.0,322.719781
10227.0,322.719791
11678.0,322.719801
12021.0,322.719811
10721.0,323.106783
11396.0,323.106806
11189.0,323.106817
10131.0,323.106827
12021.0,323.106838
11678.0,323.106848
10227.0,323.106859
9891.0,323.106869
9030.0,323.106879
10846.0,323.106890
11396.0,323.799349
9891.0,323.799376
11678.0,323.799387
12021.0,323.799398
11189.0,323.799408
10227.0,323.799419
10721.0,323.799429
9030.0,323.799439
10846.0,323.799450
10131.0,323.799460
10721.0,325.396948
9891.0,325.396972
11396.0,325.396984
10846.0,325.396995
10227.0,325.397005
9030.0,325.397015
12021.0,325.397027
11678.0,325.397037
10131.0,325.397047
11189.0,325.397057
10721.0,326.366282
11678.0,326.366307
12021.0,326.366318
10131.0,326.366328
9891.0,326.366339
10846.0,326.366349
10227.0,326.366359
9030.0,326.366370
11396.0,326.366381
11189.0,326.366392
10846.0,327.304271
10721.0,327.304294
10131.0,327.304304
11189.0,327.304315
10227.0,327.304325
12021.0,327.304335
9891.0,327.304346
11396.0,327.304356
11678.0,327.304366
9030.0,327.304376
10846.0,327.582947
11396.0,327.582970
11189.0,327.582981
9891.0,327.582992
9030.0,327.583002
12021.0,327.583013
10131.0,327.583023
11678.0,327.583034
10227.0,327.583044
10721.0,327.583054
10721.0,329.125240
11678.0,329.125263
12021.0,329.125274
10227.0,329.125284
9891.0,329.125294
11396.0,329.125304
10846.0,329.125314
9030.0,329.125324
11189.0,329.125335
10131.0,329.125345
11396.0,330.237623
10846.0,330.237646
10131.0,330.237657
10227.0,330.237667
9891.0,330.237678
10721.0,330.237688
12021.0,330.237699
11678.0,330.237709
11189.0,330.237719
9030.0,330.237729
11396.0,333.001884
12021.0,333.001906
11678.0,333.001917
10131.0,333.001927
9891.0,333.001937
11189.0,333.001948
10721.0,333.001958
10227.0,333.001968
10846.0,333.001977
9030.0,333.001988
12021.0,336.602632
9891.0,336.602656
11396.0,336.602667
9030.0,336.602678
11189.0,336.602688
10721.0,336.602699
11678.0,336.602709
10846.0,336.602720
10227.0,336.602730
10131.0,336.602740
10227.0,337.814998
12021.0,337.815021
11396.0,337.815033
11678.0,337.815043
10131.0,337.815054
9891.0,337.815064
9030.0,337.815075
10721.0,337.815086
11189.0,337.815096
10846.0,337.815106
10721.0,339.351902
10131.0,339.351925
10227.0,339.351936
11396.0,339.351946
11678.0,339.351957
9030.0,339.351967
12021.0,339.351978
10846.0,339.351988
9891.0,339.351999
11189.0,339.352009
11189.0,339.928135
11396.0,339.928159
9891.0,339.928170
12021.0,339.928180
10131.0,339.928191
10846.0,339.928201
11678.0,339.928211
10721.0,339.928221
9030.0,339.928232
10227.0,339.928243
9891.0,346.827049
10227.0,346.827072
9030.0,346.827084
10721.0,346.827095
10846.0,346.827106
12021.0,346.827116
11189.0,346.827128
10131.0,346.827138
11396.0,346.827148
11678.0,346.827159
10131.0,347.892323
10721.0,347.892347
9030.0,347.892358
11189.0,347.892369
12021.0,347.892379
10227.0,347.892390
11396.0,347.892400
9891.0,347.892410
11678.0,347.892421
10846.0,347.892431
10131.0,348.455142
10721.0,348.455165
11396.0,348.455176
10227.0,348.455187
10846.0,348.455197
9891.0,348.455208
9030.0,348.455218
12021.0,348.455229
11189.0,348.455239
11678.0,348.455250
10721.0,349.246946
11678.0,349.246969
12021.0,349.246980
11189.0,349.246991
11396.0,349.247001
10131.0,349.247011
9891.0,349.247022
10846.0,349.247032
10227.0,349.247042
9030.0,349.247052
9030.0,349.993193
10846.0,349.993217
11396.0,349.993228
10131.0,349.993238
11678.0,349.993249
12021.0,349.993259
11189.0,349.993269
10721.0,349.993280
10227.0,349.993290
9891.0,349.993300
10227.0,351.563133
11678.0,351.563169
10721.0,351.563181
11189.0,351.563191
9891.0,351.563201
9030.0,351.563212
11396.0,351.563223
12021.0,351.563233
10131.0,351.563243
10846.0,351.563253
10721.0,352.579011
9891.0,352.579035
11396.0,352.579046
10227.0,352.579057
10131.0,352.579067
9030.0,352.579078
12021.0,352.579089
11678.0,352.579099
10846.0,352.579109
11189.0,352.579120
11396.0,353.718597
9030.0,353.718620
10227.0,353.718632
12021.0,353.718642
10846.0,353.718653
11678.0,353.718663
10131.0,353.718673
10721.0,353.718683
11189.0,353.718694
9891.0,353.718704
11678.0,354.473527
9030.0,354.473550
10227.0,354.473561
11396.0,354.473572
10131.0,354.473582
10721.0,354.473593
9891.0,354.473603
10846.0,354.473613
11189.0,354.473623
12021.0,354.473633
11396.0,356.035067
10721.0,356.035091
12021.0,356.035102
10227.0,356.035112
9030.0,356.035122
11678.0,356.035134
10131.0,356.035144
9891.0,356.035154
11189.0,356.035164
10846.0,356.035175
11189.0,357.564214
10846.0,357.564238
12021.0,357.564249
9030.0,357.564259
9891.0,357.564270
11678.0,357.564281
11396.0,357.564291
10721.0,357.564301
10131.0,357.564312
10227.0,357.564322
10846.0,358.292104
10721.0,358.292128
9891.0,358.292139
12021.0,358.292150
11189.0,358.292160
10227.0,358.292170
9030.0,358.292181
10131.0,358.292191
11678.0,358.292202
11396.0,358.292212
11189.0,359.212009
11678.0,359.212033
9891.0,359.212044
12021.0,359.212054
10846.0,359.212065
9030.0,359.212075
10131.0,359.212086
10721.0,359.212096
11396.0,359.212107
10227.0,359.212117
9030.0,360.907542
11189.0,360.907567
11396.0,360.907578
10846.0,360.907588
10227.0,360.907599
11678.0,360.907609
9891.0,360.907619
12021.0,360.907630
10131.0,360.907640
10721.0,360.907650
11189.0,361.740551
10131.0,361.740574
11396.0,361.740584
11678.0,361.740595
9030.0,361.740605
10721.0,361.740616
12021.0,361.740626
9891.0,361.740637
10846.0,361.740647
10227.0,361.740657
11396.0,362.294634
10227.0,362.294657
10721.0,362.294668
12021.0,362.294678
9030.0,362.294689
10131.0,362.294700
10846.0,362.294710
9891.0,362.294721
11189.0,362.294731
11678.0,362.294741
9891.0,363.016547
10227.0,363.016571
11396.0,363.016582
10131.0,363.016593
11678.0,363.016603
10846.0,363.016613
11189.0,363.016624
9030.0,363.016634
12021.0,363.016645
10721.0,363.016655
9891.0,363.765370
10131.0,363.765393
11396.0,363.765405
10227.0,363.765415
10721.0,363.765425
11189.0,363.765435
12021.0,363.765446
11678.0,363.765456
9030.0,363.765466
10846.0,363.765477
10721.0,364.383131
9891.0,364.383154
12021.0,364.383165
11396.0,364.383176
10227.0,364.383186
10131.0,364.383196
9030.0,364.383207
11678.0,364.383218
10846.0,364.383228
11189.0,364.383238
10227.0,366.681084
10721.0,366.681107
11189.0,366.681118
9030.0,366.681129
12021.0,366.681140
9891.0,366.681150
11396.0,366.681161
10131.0,366.681171
10846.0,366.681181
11678.0,366.681192
11189.0,368.289422
10227.0,368.289449
11396.0,368.289461
11678.0,368.289472
9891.0,368.289482
12021.0,368.289493
10721.0,368.289503
9030.0,368.289514
10846.0,368.289525
10131.0,368.289535
9891.0,369.455750
11189.0,369.455773
10131.0,369.455784
10721.0,369.455795
11678.0,369.455805
10846.0,369.455815
12021.0,369.455826
11396.0,369.455836
9030.0,369.455846
10227.0,369.455857
10131.0,374.529725
9891.0,374.529748
10846.0,374.529759
12021.0,374.529770
11189.0,374.529780
9030.0,374.529791
11678.0,374.529802
11396.0,374.529812
10721.0,374.529822
10227.0,374.529832
10846.0,375.233548
10227.0,375.233571
11396.0,375.233582
10721.0,375.233592
12021.0,375.233603
9891.0,375.233613
11678.0,375.233624
11189.0,375.233634
9030.0,375.233644
10131.0,375.233655
11678.0,376.293705
9030.0,376.293728
10131.0,376.293740
9891.0,376.293751
12021.0,376.293761
11396.0,376.293771
10721.0,376.293782
10227.0,376.293792
11189.0,376.293802
10846.0,376.293812
11678.0,376.992019
11396.0,376.992042
9891.0,376.992053
10721.0,376.992064
10131.0,376.992075
11189.0,376.992085
10227.0,376.992095
10846.0,376.992105
9030.0,376.992116
12021.0,376.992127
10846.0,377.835028
10227.0,377.835051
9891.0,377.835062
11678.0,377.835072
12021.0,377.835082
11189.0,377.835093
10721.0,377.835103
11396.0,377.835114
10131.0,377.835124
9030.0,377.835134
11189.0,379.178257
9030.0,379.178282
11678.0,379.178293
10721.0,379.178304
11396.0,379.178314
9891.0,379.178325
10227.0,379.178335
10131.0,379.178345
10846.0,379.178355
12021.0,379.178365
11396.0,379.425294
10227.0,379.425318
9030.0,379.425329
10846.0,379.425340
11189.0,379.425350
9891.0,379.425361
10721.0,379.425371
12021.0,379.425381
10131.0,379.425392
11678.0,379.425402
10846.0,383.074534
9030.0,383.074557
10721.0,383.074569
11678.0,383.074579
11396.0,383.074590
10227.0,383.074600
10131.0,383.074610
11189.0,383.074620
12021.0,383.074631
9891.0,383.074641
10721.0,385.318158
9030.0,385.318182
10131.0,385.318193
11189.0,385.318203
9891.0,385.318214
11396.0,385.318224
11678.0,385.318235
12021.0,385.318244
10846.0,385.318255
10227.0,385.318265
12021.0,388.719522
11678.0,388.719545
10846.0,388.719556
9891.0,388.719566
10131.0,388.719577
11189.0,388.719587
10227.0,388.719597
10721.0,388.719607
9030.0,388.719618
11396.0,388.719629
10721.0,389.056560
10131.0,389.056583
10227.0,389.056594
12021.0,389.056604
9891.0,389.056615
9030.0,389.056625
10846.0,389.056636
11189.0,389.056646
11678.0,389.056657
11396.0,389.056667
12021.0,390.034723
9030.0,390.034746
11396.0,390.034758
10227.0,390.034768
11189.0,390.034779
10131.0,390.034789
11678.0,390.034799
10846.0,390.034810
9891.0,390.034820
10721.0,390.034831
10227.0,391.663301
9891.0,391.663324
10131.0,391.663335
10721.0,391.663345
9030.0,391.663356
11189.0,391.663367
10846.0,391.663377
11396.0,391.663387
12021.0,391.663397
11678.0,391.663408
9891.0,392.056832
10131.0,392.056865
10721.0,392.056876
11396.0,392.056887
10846.0,392.056898
12021.0,392.056908
9030.0,392.056918
11678.0,392.056929
10227.0,392.056940
11189.0,392.056950
11189.0,394.257446
10131.0,394.257469
10846.0,394.257480
9891.0,394.257490
12021.0,394.257501
10227.0,394.257511
11678.0,394.257521
11396.0,394.257532
9030.0,394.257542
10721.0,394.257553
10131.0,395.959035
10227.0,395.959058
11678.0,395.959070
10721.0,395.959080
12021.0,395.959091
9030.0,395.959101
10846.0,395.959112
9891.0,395.959122
11189.0,395.959133
11396.0,395.959143
10227.0,397.322326
11678.0,397.322349
9891.0,397.322360
9030.0,397.322371
11396.0,397.322382
11189.0,397.322392
10131.0,397.322402
10721.0,397.322413
10846.0,397.322423
12021.0,397.322433
9030.0,398.699090
11189.0,398.699114
9891.0,398.699125
10131.0,398.699136
10227.0,398.699146
12021.0,398.699156
11678.0,398.699167
10846.0,398.699177
10721.0,398.699187
11396.0,398.699197
10227.0,399.058892
11678.0,399.058915
10721.0,399.058926
12021.0,399.058936
11396.0,399.058947
9891.0,399.058957
10131.0,399.058967
10846.0,399.058977
11189.0,399.058988
9030.0,399.058998
11678.0,399.779439
11189.0,399.779463
12021.0,399.779474
9030.0,399.779484
10846.0,399.779495
10131.0,399.779506
10227.0,399.779516
9891.0,399.779526
11396.0,399.779536
10721.0,399.779547
10846.0,400.560885
11189.0,400.560907
9030.0,400.560918
11678.0,400.560930
10721.0,400.560940
9891.0,400.560951
11396.0,400.560961
10227.0,400.560971
10131.0,400.560982
12021.0,400.560992
11678.0,401.101882
12021.0,401.101906
10846.0,401.101917
11396.0,401.101928
9030.0,401.101938
9891.0,401.101950
10131.0,401.101960
11189.0,401.101970
10227.0,401.101980
10721.0,401.101990
10846.0,401.430087
10721.0,401.430112
10131.0,401.430128
9030.0,401.430143
9891.0,401.430162
10227.0,401.430173
12021.0,401.430183
11396.0,401.430193
11678.0,401.430204
11189.0,401.430214
11189.0,401.991743
9891.0,401.991766
10131.0,401.991777
10846.0,401.991787
12021.0,401.991798
9030.0,401.991808
10721.0,401.991819
10227.0,401.991830
11396.0,401.991840
11678.0,401.991850
10846.0,402.483545
9030.0,402.483567
11189.0,402.483579
10227.0,402.483589
10131.0,402.483600
11396.0,402.483610
9891.0,402.483620
12021.0,402.483631
10721.0,402.483641
11678.0,402.483651
11396.0,407.174702
9891.0,407.174726
9030.0,407.174736
10846.0,407.174747
12021.0,407.174778
10227.0,407.174788
11189.0,407.174798
10721.0,407.174833
11678.0,407.174843
10131.0,407.174853
11396.0,408.275507
11189.0,408.275530
10721.0,408.275542
9891.0,408.275552
11678.0,408.275563
10846.0,408.275573
10131.0,408.275583
12021.0,408.275593
9030.0,408.275604
10227.0,408.275615
9891.0,411.171627
10227.0,411.171654
10131.0,411.171666
11396.0,411.171676
10846.0,411.171687
11189.0,411.171697
10721.0,411.171708
12021.0,411.171718
9030.0,411.171728
11678.0,411.171739
9030.0,411.845664
11189.0,411.845688
11396.0,411.845699
10131.0,411.845709
10721.0,411.845720
11678.0,411.845730
9891.0,411.845741
12021.0,411.845751
10227.0,411.845761
10846.0,411.845771
11396.0,413.724324
9891.0,413.724348
10721.0,413.724359
9030.0,413.724370
11189.0,413.724381
12021.0,413.724392
11678.0,413.724402
10227.0,413.724412
10846.0,413.724422
10131.0,413.724433
11678.0,416.390456
10131.0,416.390479
11396.0,416.390490
10846.0,416.390501
12021.0,416.390511
10721.0,416.390521
10227.0,416.390531
9030.0,416.390542
9891.0,416.390553
11189.0,416.390563
9030.0,418.565620
10721.0,418.565644
9891.0,418.565655
10131.0,418.565665
12021.0,418.565675
11189.0,418.565686
10227.0,418.565696
10846.0,418.565706
11396.0,418.565717
11678.0,418.565727
11396.0,420.473449
12021.0,420.473473
10721.0,420.473484
11189.0,420.473494
10227.0,420.473505
11678.0,420.473515
9030.0,420.473526
10846.0,420.473537
9891.0,420.473547
10131.0,420.473557
10846.0,421.271229
11189.0,421.271252
10131.0,421.271263
10721.0,421.271273
11396.0,421.271283
11678.0,421.271294
9891.0,421.271304
12021.0,421.271314
10227.0,421.271324
9030.0,421.271335
12021.0,422.384489
11396.0,422.384513
10227.0,422.384524
10721.0,422.384534
10846.0,422.384544
11189.0,422.384555
10131.0,422.384565
11678.0,422.384575
9030.0,422.384585
9891.0,422.384597
11678.0,425.671923
10131.0,425.671946
11189.0,425.671958
9891.0,425.671968
10846.0,425.671978
11396.0,425.671989
10227.0,425.671999
10721.0,425.672009
12021.0,425.672024
9030.0,425.672035
10227.0,431.707069
10131.0,431.707091
9891.0,431.707102
12021.0,431.707113
11396.0,431.707123
11189.0,431.707133
10721.0,431.707144
11678.0,431.707154
9030.0,431.707164
10846.0,431.707175
11678.0,432.778120
10846.0,432.778144
10721.0,432.778155
11189.0,432.778166
9030.0,432.778176
10131.0,432.778187
10227.0,432.778198
9891.0,432.778208
12021.0,432.778218
11396.0,432.778228
9030.0,434.216618
9891.0,434.216643
10131.0,434.216654
11189.0,434.216664
11678.0,434.216675
10846.0,434.216685
10721.0,434.216695
10227.0,434.216706
12021.0,434.216716
11396.0,434.216726
11189.0,436.624250
10131.0,436.624273
10721.0,436.624285
12021.0,436.624295
10227.0,436.624305
11678.0,436.624316
9030.0,436.624326
9891.0,436.624337
10846.0,436.624348
11396.0,436.624358
9030.0,439.122426
10131.0,439.122450
9891.0,439.122462
10721.0,439.122477
11396.0,439.122488
10846.0,439.122498
11189.0,439.122509
11678.0,439.122519
12021.0,439.122529
10227.0,439.122539
11678.0,439.587643
11189.0,439.587667
12021.0,439.587678
9030.0,439.587689
10227.0,439.587700
10846.0,439.587711
10721.0,439.587721
10131.0,439.587731
9891.0,439.587742
11396.0,439.587752
10721.0,440.428251
9030.0,440.428274
11678.0,440.428286
10846.0,440.428297
9891.0,440.428307
11189.0,440.428317
10227.0,440.428328
10131.0,440.428338
12021.0,440.428348
11396.0,440.428358
10131.0,440.663040
11189.0,440.663063
11678.0,440.663074
11396.0,440.663084
10227.0,440.663095
12021.0,440.663105
9030.0,440.663115
9891.0,440.663126
10846.0,440.663137
10721.0,440.663147
10721.0,442.067797
10131.0,442.067821
9891.0,442.067832
11189.0,442.067842
12021.0,442.067852
10846.0,442.067863
11396.0,442.067873
11678.0,442.067883
9030.0,442.067894
10227.0,442.067905
11678.0,442.748063
12021.0,442.748087
10721.0,442.748098
9891.0,442.748109
11189.0,442.748119
9030.0,442.748129
10227.0,442.748141
10131.0,442.748151
10846.0,442.748161
11396.0,442.748171
11189.0,443.715675
12021.0,443.715697
11678.0,443.715708
10131.0,443.715719
10721.0,443.715729
10227.0,443.715740
9891.0,443.715750
11396.0,443.715760
10846.0,443.715770
9030.0,443.715781
12021.0,444.192023
10227.0,444.192047
9030.0,444.192058
11396.0,444.192070
10721.0,444.192080
10846.0,444.192091
10131.0,444.192101
11678.0,444.192111
9891.0,444.192122
11189.0,444.192132
11678.0,445.085241
9891.0,445.085267
11396.0,445.085278
9030.0,445.085289
10131.0,445.085300
10227.0,445.085310
11189.0,445.085320
10721.0,445.085331
12021.0,445.085341
10846.0,445.085352
11189.0,446.622722
11678.0,446.622747
9891.0,446.622758
10131.0,446.622769
12021.0,446.622779
10227.0,446.622789
9030.0,446.622800
10846.0,446.622811
10721.0,446.622821
11396.0,446.622831
10131.0,447.042048
10227.0,447.042072
12021.0,447.042083
9891.0,447.042093
9030.0,447.042104
10846.0,447.042115
11189.0,447.042125
11396.0,447.042135
11678.0,447.042151
10721.0,447.042165
10131.0,447.382226
11189.0,447.382248
10846.0,447.382259
10227.0,447.382270
10721.0,447.382280
11678.0,447.382291
12021.0,447.382301
9030.0,447.382312
11396.0,447.382323
9891.0,447.382333
10227.0,447.826040
10721.0,447.826063
12021.0,447.826074
9030.0,447.826084
10131.0,447.826095
11678.0,447.826105
11396.0,447.826116
10846.0,447.826126
11189.0,447.826136
9891.0,447.826147
11189.0,451.547623
12021.0,451.547646
11396.0,451.547657
10227.0,451.547668
10131.0,451.547678
11678.0,451.547688
9030.0,451.547698
9891.0,451.547710
10721.0,451.547720
10846.0,451.547730
11189.0,454.536017
9891.0,454.536040
11396.0,454.536051
12021.0,454.536061
10721.0,454.536072
9030.0,454.536082
10227.0,454.536093
10846.0,454.536104
11678.0,454.536114
10131.0,454.536124
9030.0,454.961590
10227.0,454.961613
10846.0,454.961624
9891.0,454.961635
11189.0,454.961645
12021.0,454.961656
11678.0,454.961666
11396.0,454.961677
10131.0,454.961687
10721.0,454.961697
9030.0,456.420581
11678.0,456.420605
9891.0,456.420616
12021.0,456.420627
11396.0,456.420637
10131.0,456.420647
10846.0,456.420658
10721.0,456.420668
10227.0,456.420678
11189.0,456.420688
9891.0,457.605510
10846.0,457.605534
9030.0,457.605545
11678.0,457.605556
10227.0,457.605567
12021.0,457.605577
11189.0,457.605588
10721.0,457.605598
11396.0,457.605608
10131.0,457.605618
11396.0,458.260607
10846.0,458.260630
10227.0,458.260641
9030.0,458.260651
11678.0,458.260662
9891.0,458.260673
10721.0,458.260683
10131.0,458.260694
11189.0,458.260704
12021.0,458.260714
10721.0,459.212862
10131.0,459.212885
11678.0,459.212896
11189.0,459.212907
10227.0,459.212917
12021.0,459.212927
9891.0,459.212938
11396.0,459.212948
9030.0,459.212958
10846.0,459.212969
10721.0,459.835290
10846.0,459.835313
10227.0,459.835324
10131.0,459.835334
11678.0,459.835345
9030.0,459.835355
11396.0,459.835366
12021.0,459.835376
11189.0,459.835387
9891.0,459.835397
10846.0,461.924842
11678.0,461.924866
10721.0,461.924877
11189.0,461.924888
10131.0,461.924898
9030.0,461.924908
9891.0,461.924920
10227.0,461.924930
11396.0,461.924940
12021.0,461.924950
10227.0,462.703136
11678.0,462.703159
10846.0,462.703169
9891.0,462.703180
11189.0,462.703191
10131.0,462.703201
12021.0,462.703211
9030.0,462.703221
11396.0,462.703232
10721.0,462.703243
11189.0,463.468832
12021.0,463.468855
9030.0,463.468871
10721.0,463.468883
10227.0,463.468893
11678.0,463.468904
10131.0,463.468914
10846.0,463.468924
11396.0,463.468935
9891.0,463.468945
12021.0,464.272689
9030.0,464.272712
11396.0,464.272724
10846.0,464.272735
11678.0,464.272746
11189.0,464.272756
10721.0,464.272766
10227.0,464.272777
10131.0,464.272787
9891.0,464.272797
11189.0,465.634146
10131.0,465.634174
11678.0,465.634185
9891.0,465.634196
9030.0,465.634206
12021.0,465.634217
10721.0,465.634227
11396.0,465.634238
10846.0,465.634248
10227.0,465.634258
10721.0,466.022478
10846.0,466.022501
9891.0,466.022512
9030.0,466.022522
10227.0,466.022533
11678.0,466.022544
11189.0,466.022554
12021.0,466.022564
11396.0,466.022575
10131.0,466.022585
10846.0,466.342046
10131.0,466.342068
12021.0,466.342079
9891.0,466.342090
11396.0,466.342101
11678.0,466.342111
10721.0,466.342121
11189.0,466.342131
10227.0,466.342142
9030.0,466.342152
9891.0,467.013434
10227.0,467.013457
10721.0,467.013468
10846.0,467.013478
11189.0,467.013488
11396.0,467.013499
10131.0,467.013509
11678.0,467.013519
9030.0,467.013530
12021.0,467.013540
10227.0,469.093494
11396.0,469.093517
9891.0,469.093528
10131.0,469.093539
11189.0,469.093549
12021.0,469.093559
9030.0,469.093569
10846.0,469.093580
11678.0,469.093591
10721.0,469.093601
11189.0,469.317700
10227.0,469.317723
10721.0,469.317734
11678.0,469.317745
12021.0,469.317755
9030.0,469.317766
10131.0,469.317777
11396.0,469.317787
9891.0,469.317797
10846.0,469.317808
10131.0,469.925469
11678.0,469.925492
10227.0,469.925503
9030.0,469.925513
9891.0,469.925525
12021.0,469.925535
11189.0,469.925545
11396.0,469.925555
10721.0,469.925565
10846.0,469.925576
9030.0,470.679164
10227.0,470.679192
9891.0,470.679207
11396.0,470.679222
10131.0,470.679235
10846.0,470.679246
11678.0,470.679256
12021.0,470.679266
10721.0,470.679282
11189.0,470.679293
9030.0,472.591629
12021.0,472.591652
10227.0,472.591663
10131.0,472.591674
11678.0,472.591684
10846.0,472.591694
10721.0,472.591704
9891.0,472.591715
11396.0,472.591725
11189.0,472.591735
9030.0,475.374625
12021.0,475.374650
10227.0,475.374661
11189.0,475.374672
11678.0,475.374682
10846.0,475.374692
11396.0,475.374703
10721.0,475.374713
9891.0,475.374723
10131.0,475.374734
10846.0,475.952291
10227.0,475.952314
11678.0,475.952325
9891.0,475.952336
9030.0,475.952346
11189.0,475.952357
10721.0,475.952367
11396.0,475.952378
10131.0,475.952388
12021.0,475.952398
10721.0,480.045391
11189.0,480.045416
9030.0,480.045426
11396.0,480.045438
10227.0,480.045448
10846.0,480.045459
10131.0,480.045469
9891.0,480.045479
11678.0,480.045490
12021.0,480.045505
10721.0,481.603697
10227.0,481.603720
10131.0,481.603731
11189.0,481.603742
12021.0,481.603752
11396.0,481.603763
10846.0,481.603773
9891.0,481.603783
11678.0,481.603793
9030.0,481.603804
11189.0,482.302456
10227.0,482.302481
12021.0,482.302492
10846.0,482.302503
11396.0,482.302513
10721.0,482.302545
9030.0,482.302560
9891.0,482.302571
11678.0,482.302582
10131.0,482.302592
10131.0,483.681262
12021.0,483.681285
9030.0,483.681295
11396.0,483.681306
11678.0,483.681317
10227.0,483.681327
11189.0,483.681337
10721.0,483.681347
9891.0,483.681357
10846.0,483.681367
10846.0,483.994435
9891.0,483.994458
9030.0,483.994469
10131.0,483.994480
10721.0,483.994490
11396.0,483.994501
10227.0,483.994511
11678.0,483.994521
11189.0,483.994531
12021.0,483.994542
9030.0,485.436327
12021.0,485.436351
11678.0,485.436362
11189.0,485.436373
11396.0,485.436384
10131.0,485.436394
10227.0,485.436404
10721.0,485.436415
9891.0,485.436425
10846.0,485.436436
9891.0,486.979018
10131.0,486.979041
10227.0,486.979052
10846.0,486.979062
11678.0,486.979073
11396.0,486.979083
11189.0,486.979093
12021.0,486.979103
10721.0,486.979114
9030.0,486.979124
11189.0,487.966672
11396.0,487.966695
12021.0,487.966706
10227.0,487.966716
11678.0,487.966727
9030.0,487.966739
10846.0,487.966754
9891.0,487.966765
10721.0,487.966775
10131.0,487.966785
11396.0,488.799515
11189.0,488.799537
10846.0,488.799548
9030.0,488.799559
10721.0,488.799570
10131.0,488.799580
12021.0,488.799590
10227.0,488.799601
11678.0,488.799611
9891.0,488.799621
10131.0,490.750307
11396.0,490.750330
10846.0,490.750341
10721.0,490.750352
11189.0,490.750362
11678.0,490.750372
9891.0,490.750383
12021.0,490.750393
9030.0,490.750403
10227.0,490.750414
11396.0,491.164292
9030.0,491.164315
9891.0,491.164326
11189.0,491.164337
11678.0,491.164347
12021.0,491.164357
10846.0,491.164368
10721.0,491.164378
10131.0,491.164388
10227.0,491.164399
10721.0,491.438499
9891.0,491.438522
10227.0,491.438533
12021.0,491.438543
11396.0,491.438554
9030.0,491.438564
11678.0,491.438575
11189.0,491.438585
10846.0,491.438596
10131.0,491.438606
11678.0,494.785886
10846.0,494.785909
10721.0,494.785920
9030.0,494.785931
11189.0,494.785942
10131.0,494.785953
11396.0,494.785963
9891.0,494.785973
12021.0,494.785984
10227.0,494.785994
10846.0,495.196873
12021.0,495.196895
11396.0,495.196906
9891.0,495.196916
9030.0,495.196927
10227.0,495.196938
11678.0,495.196948
10721.0,495.196959
10131.0,495.196969
11189.0,495.196979
9030.0,496.377947
11396.0,496.377971
10227.0,496.377982
10721.0,496.377993
11189.0,496.378003
10846.0,496.378013
12021.0,496.378024
9891.0,496.378034
11678.0,496.378045
10131.0,496.378055
11396.0,496.754110
10227.0,496.754150
9030.0,496.754161
11189.0,496.754172
10846.0,496.754183
11678.0,496.754193
12021.0,496.754203
9891.0,496.754214
10131.0,496.754224
10721.0,496.754235
9030.0,501.734453
10846.0,501.734476
11678.0,501.734487
9891.0,501.734498
10227.0,501.734509
12021.0,501.734519
11396.0,501.734529
11189.0,501.734539
10721.0,501.734550
10131.0,501.734560
11189.0,502.361320
10227.0,502.361346
10721.0,502.361358
12021.0,502.361368
11678.0,502.361379
10846.0,502.361390
9891.0,502.361400
9030.0,502.361411
10131.0,502.361421
11396.0,502.361432
10227.0,503.141631
9030.0,503.141655
11189.0,503.141667
9891.0,503.141677
12021.0,503.141688
10131.0,503.141698
10721.0,503.141708
11396.0,503.141718
11678.0,503.141729
10846.0,503.141739
9030.0,507.026121
10846.0,507.026146
12021.0,507.026157
9891.0,507.026168
10131.0,507.026178
10227.0,507.026189
11189.0,507.026199
11678.0,507.026209
10721.0,507.026220
11396.0,507.026230
10131.0,509.071286
11189.0,509.071310
11396.0,509.071321
9030.0,509.071332
11678.0,509.071343
10227.0,509.071353
10721.0,509.071364
12021.0,509.071374
10846.0,509.071384
9891.0,509.071394
10131.0,514.997683
12021.0,514.997706
11678.0,514.997717
10846.0,514.997727
9030.0,514.997738
10227.0,514.997749
10721.0,514.997759
11189.0,514.997769
9891.0,514.997779
11396.0,514.997790
10721.0,517.365997
10131.0,517.366025
10846.0,517.366036
9030.0,517.366047
11189.0,517.366058
11396.0,517.366068
12021.0,517.366078
10227.0,517.366089
9891.0,517.366099
11678.0,517.366109
10227.0,524.289934
10131.0,524.289957
11678.0,524.289968
11396.0,524.289978
10846.0,524.289988
12021.0,524.289998
9030.0,524.290008
11189.0,524.290019
10721.0,524.290029
9891.0,524.290039
10131.0,525.221893
10227.0,525.221915
11396.0,525.221926
9030.0,525.221937
11678.0,525.221948
9891.0,525.221958
12021.0,525.221969
10721.0,525.221979
10846.0,525.221989
11189.0,525.222000
10846.0,526.139397
10227.0,526.139420
11678.0,526.139431
12021.0,526.139441
9030.0,526.139451
9891.0,526.139463
11396.0,526.139473
11189.0,526.139483
10131.0,526.139493
10721.0,526.139503
12021.0,526.805366
10721.0,526.805388
11678.0,526.805399
9030.0,526.805410
11396.0,526.805421
10846.0,526.805432
9891.0,526.805442
11189.0,526.805452
10131.0,526.805462
10227.0,526.805472
9891.0,527.814990
11678.0,527.815013
10131.0,527.815025
11189.0,527.815035
9030.0,527.815046
11396.0,527.815057
12021.0,527.815067
10721.0,527.815077
10846.0,527.815088
10227.0,527.815098
9030.0,530.746783
11678.0,530.746808
11396.0,530.746819
10227.0,530.746830
11189.0,530.746840
10846.0,530.746850
10721.0,530.746860
9891.0,530.746871
12021.0,530.746881
10131.0,530.746891
11678.0,531.586213
9030.0,531.586237
10846.0,531.586248
9891.0,531.586259
12021.0,531.586269
11396.0,531.586280
10721.0,531.586290
11189.0,531.586301
10131.0,531.586311
10227.0,531.586321
9891.0,532.200421
11396.0,532.200445
9030.0,532.200456
10846.0,532.200467
10721.0,532.200477
10131.0,532.200488
10227.0,532.200498
11678.0,532.200508
12021.0,532.200519
11189.0,532.200529
10131.0,532.664699
11396.0,532.664722
10846.0,532.664733
9030.0,532.664743
12021.0,532.664754
11678.0,532.664764
9891.0,532.664775
10721.0,532.664785
10227.0,532.664795
11189.0,532.664806
11189.0,534.860783
11396.0,534.860806
9891.0,534.860817
12021.0,534.860828
11678.0,534.860838
10227.0,534.860848
10131.0,534.860859
10846.0,534.860869
9030.0,534.860879
10721.0,534.860890
10846.0,536.897582
11396.0,536.897630
9030.0,536.897642
9891.0,536.897653
10131.0,536.897663
11189.0,536.897673
10227.0,536.897684
10721.0,536.897694
11678.0,536.897705
12021.0,536.897715
11678.0,543.193550
9891.0,543.193573
10721.0,543.193584
10131.0,543.193595
11396.0,543.193605
9030.0,543.193615
10227.0,543.193627
12021.0,543.193637
10846.0,543.193647
11189.0,543.193657
9891.0,544.035945
9030.0,544.035968
12021.0,544.035979
11678.0,544.035990
10721.0,544.036000
11396.0,544.036011
10227.0,544.036021
11189.0,544.036031
10131.0,544.036041
10846.0,544.036051
10131.0,544.642285
11396.0,544.642309
10227.0,544.642320
10721.0,544.642330
11189.0,544.642341
10846.0,544.642351
11678.0,544.642361
12021.0,544.642371
9891.0,544.642382
9030.0,544.642392
9891.0,546.386597
11678.0,546.386621
10227.0,546.386632
12021.0,546.386643
10846.0,546.386653
11396.0,546.386664
9030.0,546.386674
10721.0,546.386685
11189.0,546.386695
10131.0,546.386705
10131.0,548.819410
10846.0,548.819434
9030.0,548.819445
12021.0,548.819456
11396.0,548.819466
11678.0,548.819477
10227.0,548.819487
10721.0,548.819497
9891.0,548.819508
11189.0,548.819518
11678.0,549.356694
11396.0,549.356717
10227.0,549.356729
10131.0,549.356739
9891.0,549.356749
10721.0,549.356760
9030.0,549.356770
12021.0,549.356781
10846.0,549.356792
11189.0,549.356802
12021.0,550.267866
11396.0,550.267889
10846.0,550.267900
10131.0,550.267911
11189.0,550.267921
10721.0,550.267931
11678.0,550.267942
9891.0,550.267959
10227.0,550.267970
9030.0,550.267980
9891.0,550.776221
10131.0,550.776245
10721.0,550.776256
9030.0,550.776266
10846.0,550.776277
10227.0,550.776287
11189.0,550.776297
12021.0,550.776308
11396.0,550.776318
11678.0,550.776328
11189.0,551.624240
10721.0,551.624263
10131.0,551.624274
11678.0,551.624285
9030.0,551.624295
10846.0,551.624306
11396.0,551.624317
9891.0,551.624327
10227.0,551.624337
12021.0,551.624347
9891.0,553.528478
10227.0,553.528501
11189.0,553.528512
10721.0,553.528522
12021.0,553.528532
11396.0,553.528542
9030.0,553.528552
10131.0,553.528563
10846.0,553.528573
11678.0,553.528583
10846.0,554.132493
12021.0,554.132519
10131.0,554.132530
9891.0,554.132541
10227.0,554.132551
9030.0,554.132562
10721.0,554.132573
11678.0,554.132583
11189.0,554.132593
11396.0,554.132604
12021.0,556.402146
9030.0,556.402169
11396.0,556.402181
11189.0,556.402192
10721.0,556.402202
9891.0,556.402213
10131.0,556.402223
10846.0,556.402233
11678.0,556.402244
10227.0,556.402254
10846.0,556.883143
10721.0,556.883166
11189.0,556.883177
9030.0,556.883188
12021.0,556.883199
11396.0,556.883209
9891.0,556.883219
10131.0,556.883230
11678.0,556.883240
10227.0,556.883250
9891.0,558.595683
10227.0,558.595707
10846.0,558.595718
12021.0,558.595728
11189.0,558.595739
10721.0,558.595749
11678.0,558.595759
9030.0,558.595770
10131.0,558.595780
11396.0,558.595791
9030.0,559.173752
10131.0,559.173777
10846.0,559.173788
9891.0,559.173799
11189.0,559.173809
11678.0,559.173819
12021.0,559.173829
10227.0,559.173840
10721.0,559.173850
11396.0,559.173860
9030.0,560.182600
10131.0,560.182624
9891.0,560.182635
10721.0,560.182646
10227.0,560.182656
11678.0,560.182666
12021.0,560.182676
10846.0,560.182687
11189.0,560.182697
11396.0,560.182707
11396.0,560.533569
10846.0,560.533592
9030.0,560.533603
10131.0,560.533614
10227.0,560.533624
9891.0,560.533635
10721.0,560.533645
11678.0,560.533655
12021.0,560.533665
11189.0,560.533676
10227.0,560.823859
11189.0,560.823882
11396.0,560.823892
12021.0,560.823902
9030.0,560.823912
10846.0,560.823923
10131.0,560.823933
9891.0,560.823944
10721.0,560.823954
11678.0,560.823964
11678.0,561.553359
11189.0,561.553382
9030.0,561.553393
9891.0,561.553404
10721.0,561.553415
11396.0,561.553425
12021.0,561.553435
10131.0,561.553446
10227.0,561.553456
10846.0,561.553466
11396.0,561.847897
10721.0,561.847924
10131.0,561.847935
10227.0,561.847945
10846.0,561.847956
11678.0,561.847966
11189.0,561.847977
9891.0,561.847987
9030.0,561.847997
12021.0,561.848008
10846.0,563.237272
9030.0,563.237295
10227.0,563.237307
10131.0,563.237317
12021.0,563.237328
11396.0,563.237338
11678.0,563.237348
9891.0,563.237358
10721.0,563.237369
11189.0,563.237379
10846.0,564.206497
10227.0,564.206538
9030.0,564.206549
11189.0,564.206560
9891.0,564.206571
10721.0,564.206582
12021.0,564.206592
11396.0,564.206602
10131.0,564.206612
11678.0,564.206622
10721.0,564.893236
9891.0,564.893260
10846.0,564.893271
10131.0,564.893281
10227.0,564.893291
11678.0,564.893302
11396.0,564.893312
11189.0,564.893322
9030.0,564.893333
12021.0,564.893343
10227.0,566.271960
10131.0,566.271983
11396.0,566.271994
9030.0,566.272004
11189.0,566.272015
11678.0,566.272026
10846.0,566.272036
10721.0,566.272046
12021.0,566.272056
9891.0,566.272067
10131.0,567.682222
10846.0,567.682246
9891.0,567.682257
11678.0,567.682267
11189.0,567.682278
9030.0,567.682288
11396.0,567.682299
10721.0,567.682309
10227.0,567.682320
12021.0,567.682330
10846.0,569.328220
9891.0,569.328244
11189.0,569.328255
10131.0,569.328265
10227.0,569.328276
11396.0,569.328286
10721.0,569.328297
11678.0,569.328307
9030.0,569.328317
12021.0,569.328328
11189.0,570.336155
9030.0,570.336178
10227.0,570.336189
9891.0,570.336200
11396.0,570.336211
11678.0,570.336221
10131.0,570.336231
12021.0,570.336241
10846.0,570.336252
10721.0,570.336262
10131.0,570.902900
11396.0,570.902923
11189.0,570.902933
9891.0,570.902944
10227.0,570.902954
9030.0,570.902965
11678.0,570.902976
10721.0,570.902986
12021.0,570.902996
10846.0,570.903007
10227.0,571.652573
11396.0,571.652596
11189.0,571.652607
10846.0,571.652618
11678.0,571.652628
10131.0,571.652638
9030.0,571.652649
10721.0,571.652660
9891.0,571.652670
12021.0,571.652680
11189.0,572.527224
10846.0,572.527248
10721.0,572.527259
12021.0,572.527269
10227.0,572.527280
11396.0,572.527290
9030.0,572.527300
10131.0,572.527311
9891.0,572.527322
11678.0,572.527332
10846.0,574.081495
11189.0,574.081519
10721.0,574.081530
11396.0,574.081540
10227.0,574.081551
12021.0,574.081561
10131.0,574.081571
9891.0,574.081582
11678.0,574.081592
9030.0,574.081602
10131.0,574.993020
9891.0,574.993043
10846.0,574.993055
9030.0,574.993070
11396.0,574.993082
10721.0,574.993093
11189.0,574.993103
11678.0,574.993113
10227.0,574.993123
12021.0,574.993133
10846.0,575.417161
11189.0,575.417184
9030.0,575.417195
10227.0,575.417206
11678.0,575.417216
11396.0,575.417227
10131.0,575.417237
9891.0,575.417248
10721.0,575.417258
12021.0,575.417268
12021.0,578.334393
9030.0,578.334416
11678.0,578.334428
10846.0,578.334438
11189.0,578.334449
9891.0,578.334459
10721.0,578.334470
10227.0,578.334480
11396.0,578.334490
10131.0,578.334500
11678.0,580.342979
9030.0,580.343002
12021.0,580.343014
11396.0,580.343025
11189.0,580.343035
10227.0,580.343045
10721.0,580.343056
10846.0,580.343066
10131.0,580.343076
9891.0,580.343087
11396.0,581.572672
11189.0,581.572697
10721.0,581.572708
10846.0,581.572719
12021.0,581.572729
11678.0,581.572740
9030.0,581.572750
10131.0,581.572761
9891.0,581.572772
10227.0,581.572782
10227.0,582.884192
11189.0,582.884215
12021.0,582.884226
10131.0,582.884237
9891.0,582.884247
10846.0,582.884257
9030.0,582.884268
11396.0,582.884279
11678.0,582.884289
10721.0,582.884299
10131.0,585.311925
9891.0,585.311967
9030.0,585.311979
10721.0,585.311990
11678.0,585.312001
10846.0,585.312011
12021.0,585.312021
10227.0,585.312031
11189.0,585.312042
11396.0,585.312052
9030.0,586.428589
10131.0,586.428613
9891.0,586.428624
10846.0,586.428635
11678.0,586.428646
11189.0,586.428656
10721.0,586.428666
12021.0,586.428676
10227.0,586.428687
11396.0,586.428697
10846.0,588.181838
11678.0,588.181861
10227.0,588.181872
10131.0,588.181883
10721.0,588.181893
9030.0,588.181908
9891.0,588.181921
12021.0,588.181931
11396.0,588.181941
11189.0,588.181951
10131.0,589.097064
12021.0,589.097087
11189.0,589.097098
10227.0,589.097108
11396.0,589.097119
10846.0,589.097129
10721.0,589.097139
11678.0,589.097149
9030.0,589.097160
9891.0,589.097171
9891.0,591.585884
10227.0,591.585908
11678.0,591.585919
11396.0,591.585941
10721.0,591.585956
9030.0,591.585968
10131.0,591.585979
10846.0,591.585990
11189.0,591.586000
12021.0,591.586010
11189.0,592.863621
9891.0,592.863645
9030.0,592.863656
10846.0,592.863667
12021.0,592.863677
11396.0,592.863688
10227.0,592.863698
10131.0,592.863708
11678.0,592.863719
10721.0,592.863729
10131.0,593.492271
10846.0,593.492294
10721.0,593.492305
10227.0,593.492315
9891.0,593.492326
12021.0,593.492336
11396.0,593.492346
11678.0,593.492356
11189.0,593.492367
9030.0,593.492377
10721.0,595.719605
10227.0,595.719628
9030.0,595.719639
11396.0,595.719650
9891.0,595.719661
11189.0,595.719671
12021.0,595.719681
10131.0,595.719691
10846.0,595.719701
11678.0,595.719712
9891.0,596.946926
11678.0,596.946950
9030.0,596.946961
10131.0,596.946972
10846.0,596.946983
10227.0,596.946993
11396.0,596.947003
10721.0,596.947014
12021.0,596.947024
11189.0,596.947034
11678.0,597.307866
11396.0,597.307890
9891.0,597.307901
10721.0,597.307911
11189.0,597.307922
10131.0,597.307932
10227.0,597.307942
12021.0,597.307952
9030.0,597.307963
10846.0,597.307973
11189.0,597.890269
10227.0,597.890292
10131.0,597.890303
11396.0,597.890314
12021.0,597.890324
9891.0,597.890335
10846.0,597.890345
9030.0,597.890360
10721.0,597.890372
11678.0,597.890383
10131.0,598.959152
9891.0,598.959175
11678.0,598.959186
10846.0,598.959197
11396.0,598.959207
9030.0,598.959217
12021.0,598.959228
10227.0,598.959239
10721.0,598.959249
11189.0,598.959259
10227.0,599.790366
9030.0,599.790390
10721.0,599.790401
12021.0,599.790412
11189.0,599.790422
10131.0,599.790433
10846.0,599.790443
11678.0,599.790453
11396.0,599.790464
9891.0,599.790474
10846.0,600.539142
11678.0,600.539169
10227.0,600.539180
12021.0,600.539191
11396.0,600.539201
9030.0,600.539212
10721.0,600.539223
10131.0,600.539233
9891.0,600.539243
11189.0,600.539254